{
  "signal": [
    {
      "name": "CLK",
      "wave": "P......|...."
    },
    {
      "name": "CS",
      "wave": "1.0....|...."
    },
    {
      "name": "IO0",
      "wave": "0.3456x|783x", "data": "A0.0 A0.4 A1.0 A1.4 A63.0 A63.4 A0.0"
    },
    {
      "name": "IO1",
      "wave": "0.3456x|783x", "data": "A0.1 A0.5 A1.1 A1.5 A63.1 A63.5 A0.1"
    },
    {
      "name": "IO2",
      "wave": "0.3456x|783x", "data": "A0.2 A0.6 A1.2 A1.6 A63.2 A63.6 A0.2"
    },
    {
      "name": "IO3",
      "wave": "0.3456x|783x", "data": "A0.3 A0.7 A1.3 A1.7 A63.3 A63.7 A0.3"
    }
  ],
  "head": {
    "text": "Loop transmission Waveform"
  }
}
